symbol,date,price
한미약품,11-22-2017,560000
한미약품,11-23-2017,564000
한미약품,11-24-2017,575000
한미약품,11-27-2017,569000
한미약품,11-28-2017,575000
한미약품,11-29-2017,595000
한미약품,11-30-2017,569000
한미약품,12-01-2017,580000
한미약품,12-04-2017,576000
한미약품,12-05-2017,576000
한미약품,12-06-2017,556000
한미약품,12-07-2017,532000
한미약품,12-08-2017,535000
한미약품,12-11-2017,571000
한미약품,12-12-2017,570000
한미약품,12-13-2017,573000
한미약품,12-14-2017,569000
한미약품,12-15-2017,568000
한미약품,12-18-2017,564000
한미약품,12-19-2017,570000
한미약품,12-20-2017,564000
한미약품,12-21-2017,553000
한미약품,12-22-2017,573000
한미약품,12-26-2017,575000
한미약품,12-27-2017,581000
한미약품,12-28-2017,584000
한미약품,01-02-2018,592000
한미약품,01-03-2018,606000
한미약품,01-04-2018,586000
한미약품,01-05-2018,598000
한미약품,01-08-2018,599000
한미약품,01-09-2018,587000
한미약품,01-10-2018,589000
한미약품,01-11-2018,585000
한미약품,01-12-2018,620000
한미약품,01-15-2018,618000
한미약품,01-16-2018,606000
한미약품,01-17-2018,589000
한미약품,01-18-2018,591000
한미약품,01-19-2018,570000
한미약품,01-22-2018,560000
한미약품,01-23-2018,588000
한미약품,01-24-2018,584000
한미약품,01-25-2018,585000
한미약품,01-26-2018,595000
한미약품,01-29-2018,592000
한미약품,01-30-2018,607000
한미약품,01-31-2018,597000
한미약품,02-01-2018,569000
한미약품,02-02-2018,563000
한미약품,02-05-2018,521000
한미약품,02-06-2018,554000
한미약품,02-07-2018,545000
한미약품,02-08-2018,547000
한미약품,02-09-2018,536000
한미약품,02-12-2018,529000
한미약품,02-13-2018,538000
한미약품,02-14-2018,541000
한미약품,02-19-2018,495000
한미약품,02-20-2018,498000
한미약품,02-21-2018,495000
한미약품,02-22-2018,485000
한미약품,02-23-2018,486000
한미약품,02-26-2018,485000
한미약품,02-27-2018,490000
한미약품,02-28-2018,463000
한미약품,03-02-2018,455500
한미약품,03-05-2018,455500
한미약품,03-06-2018,479000
한미약품,03-07-2018,472000
한미약품,03-08-2018,471500
한미약품,03-09-2018,479000
한미약품,03-12-2018,510000
한미약품,03-13-2018,511000
한미약품,03-14-2018,503000
한미약품,03-15-2018,513000
한미약품,03-16-2018,511000
한미약품,03-19-2018,503000
한미약품,03-20-2018,509000
한미약품,03-21-2018,525000
한미약품,03-22-2018,513000
한미약품,03-23-2018,494500
한미약품,03-26-2018,507000
한미약품,03-27-2018,516000
한미약품,03-28-2018,509000
한미약품,03-29-2018,517000
한미약품,03-30-2018,511000
한미약품,04-02-2018,507000
한미약품,04-03-2018,500000
한미약품,04-04-2018,519000
한미약품,04-05-2018,510000
한미약품,04-06-2018,518000
한미약품,04-09-2018,512000
한미약품,04-10-2018,555000
한미약품,04-11-2018,559000
한미약품,04-12-2018,541000
한미약품,04-13-2018,540000
한미약품,04-16-2018,525000
한미약품,04-17-2018,515000
한미약품,04-18-2018,503000
한미약품,04-19-2018,490500
한미약품,04-20-2018,492500
한미약품,04-23-2018,458000
한미약품,04-24-2018,460000
한미약품,04-25-2018,455500
한미약품,04-26-2018,474000
한미약품,04-27-2018,477500
한미약품,04-30-2018,466000
한미약품,05-02-2018,460000
한미약품,05-03-2018,461500
한미약품,05-04-2018,446500
한미약품,05-08-2018,443000
한미약품,05-09-2018,469500
한미약품,05-10-2018,459000
한미약품,05-11-2018,461000
한미약품,05-14-2018,460000
한미약품,05-15-2018,474000
한미약품,05-16-2018,482000
한미약품,05-17-2018,481500
한미약품,05-18-2018,493500
한미약품,05-21-2018,500000
한미약품,05-23-2018,477500
한미약품,05-24-2018,488500
한미약품,05-25-2018,495500
한미약품,05-28-2018,489500
한미약품,05-29-2018,497000
한미약품,05-30-2018,482000
한미약품,05-31-2018,483000
한미약품,06-01-2018,479500
한미약품,06-04-2018,471000
한미약품,06-05-2018,455000
한미약품,06-07-2018,454500
한미약품,06-08-2018,450000
한미약품,06-11-2018,450500
한미약품,06-12-2018,449500
한미약품,06-14-2018,439000
한미약품,06-15-2018,440000
한미약품,06-18-2018,429500
한미약품,06-19-2018,400000
한미약품,06-20-2018,413000
한미약품,06-21-2018,403000
한미약품,06-22-2018,423000
한미약품,06-25-2018,426000
한미약품,06-26-2018,418000
한미약품,06-27-2018,433000
한미약품,06-28-2018,422500
한미약품,06-29-2018,421000
한미약품,07-02-2018,410500
한미약품,07-03-2018,406500
한미약품,07-04-2018,441000
한미약품,07-05-2018,436500
한미약품,07-06-2018,436000
한미약품,07-09-2018,435000
한미약품,07-10-2018,448500
한미약품,07-11-2018,433500
한미약품,07-12-2018,444500
한미약품,07-13-2018,451000
한미약품,07-16-2018,455000
한미약품,07-17-2018,445000
한미약품,07-18-2018,442000
한미약품,07-19-2018,436500
한미약품,07-20-2018,439000
한미약품,07-23-2018,435000
한미약품,07-24-2018,440000
한미약품,07-25-2018,417000
한미약품,07-26-2018,421000
한미약품,07-27-2018,425000
한미약품,07-30-2018,414500
한미약품,07-31-2018,424500
한미약품,08-01-2018,425000
한미약품,08-02-2018,430500
한미약품,08-03-2018,431500
한미약품,08-06-2018,452500
한미약품,08-07-2018,452500
한미약품,08-08-2018,448500
한미약품,08-09-2018,455000
한미약품,08-10-2018,457000
한미약품,08-13-2018,423000
한미약품,08-14-2018,426000
한미약품,08-16-2018,418500
한미약품,08-17-2018,434000
한미약품,08-20-2018,433000
한미약품,08-21-2018,446000
한미약품,08-22-2018,445000
한미약품,08-23-2018,447500
한미약품,08-24-2018,461000
한미약품,08-27-2018,480500
한미약품,08-28-2018,470500
한미약품,08-29-2018,483000
한미약품,08-30-2018,488500
한미약품,08-31-2018,497500
한미약품,09-03-2018,502000
한미약품,09-04-2018,509000
한미약품,09-05-2018,497000
한미약품,09-06-2018,492500
한미약품,09-07-2018,505000
한미약품,09-10-2018,486000
한미약품,09-11-2018,489000
한미약품,09-12-2018,491000
한미약품,09-13-2018,488000
한미약품,09-14-2018,490000
한미약품,09-17-2018,496000
한미약품,09-18-2018,503000
한미약품,09-19-2018,504000
한미약품,09-20-2018,515000
한미약품,09-21-2018,514000
한미약품,09-27-2018,498000
한미약품,09-28-2018,500000
한미약품,10-01-2018,469500
한미약품,10-02-2018,462500
한미약품,10-04-2018,466500
한미약품,10-05-2018,458500
한미약품,10-08-2018,455500
한미약품,10-10-2018,451500
한미약품,10-11-2018,433500
한미약품,10-12-2018,433500
한미약품,10-15-2018,423000
한미약품,10-16-2018,425000
한미약품,10-17-2018,433000
한미약품,10-18-2018,432500
한미약품,10-19-2018,440000
한미약품,10-22-2018,438500
한미약품,10-23-2018,414500
한미약품,10-24-2018,421000
한미약품,10-25-2018,409000
한미약품,10-26-2018,393000
한미약품,10-29-2018,382500
한미약품,10-30-2018,379500
한미약품,10-31-2018,389500
한미약품,11-01-2018,392000
한미약품,11-02-2018,407000
한미약품,11-05-2018,430000
한미약품,11-06-2018,421500
한미약품,11-07-2018,428000
한미약품,11-08-2018,435500
한미약품,11-09-2018,418500
한미약품,11-12-2018,415500
한미약품,11-13-2018,429500
한미약품,11-14-2018,441500
한미약품,11-15-2018,440000
한미약품,11-16-2018,439000
한미약품,11-19-2018,448000
한미약품,11-20-2018,449000
한미약품,11-21-2018,443000
한미약품,11-22-2018,432500
한미약품,11-23-2018,428500
한미약품,11-26-2018,442000
한미약품,11-27-2018,445000
한미약품,11-28-2018,440000
한미약품,11-29-2018,449500
한미약품,11-30-2018,442500
한미약품,12-03-2018,453000
한미약품,12-04-2018,472000
한미약품,12-05-2018,476500
한미약품,12-06-2018,464500
한미약품,12-07-2018,468000
한미약품,12-10-2018,476000
한미약품,12-11-2018,475000
한미약품,12-12-2018,473000
한미약품,12-13-2018,486000
한미약품,12-14-2018,479500
한미약품,12-17-2018,468500
한미약품,12-18-2018,468500
한미약품,12-19-2018,468000
한미약품,12-20-2018,438000
한미약품,12-21-2018,449000
한미약품,12-24-2018,452000
한미약품,12-26-2018,452000
한미약품,12-27-2018,450500
한미약품,12-28-2018,464000
한미약품,01-02-2019,450500
한미약품,01-03-2019,435500
한미약품,01-04-2019,451500
한미약품,01-07-2019,453500
한미약품,01-08-2019,449000
한미약품,01-09-2019,452000
한미약품,01-10-2019,450500
한미약품,01-11-2019,442500
한미약품,01-14-2019,447500
한미약품,01-15-2019,447500
한미약품,01-16-2019,438500
한미약품,01-17-2019,438000
한미약품,01-18-2019,446000
한미약품,01-21-2019,442500
한미약품,01-22-2019,447500
한미약품,01-23-2019,434500
한미약품,01-24-2019,432000
한미약품,01-25-2019,432000
한미약품,01-28-2019,432500
한미약품,01-29-2019,429500
종근당,11-22-2017,133000
종근당,11-23-2017,137000
종근당,11-24-2017,135000
종근당,11-27-2017,137000
종근당,11-28-2017,134000
종근당,11-29-2017,136500
종근당,11-30-2017,134500
종근당,12-01-2017,139500
종근당,12-04-2017,137500
종근당,12-05-2017,131000
종근당,12-06-2017,126000
종근당,12-07-2017,125000
종근당,12-08-2017,124500
종근당,12-11-2017,130000
종근당,12-12-2017,126500
종근당,12-13-2017,130000
종근당,12-14-2017,134500
종근당,12-15-2017,134000
종근당,12-18-2017,134000
종근당,12-19-2017,134000
종근당,12-20-2017,131000
종근당,12-21-2017,129000
종근당,12-22-2017,136500
종근당,12-26-2017,137000
종근당,12-27-2017,137000
종근당,12-28-2017,138500
종근당,01-02-2018,140500
종근당,01-03-2018,139000
종근당,01-04-2018,133000
종근당,01-05-2018,139000
종근당,01-08-2018,139500
종근당,01-09-2018,145000
종근당,01-10-2018,148000
종근당,01-11-2018,146500
종근당,01-12-2018,149000
종근당,01-15-2018,147500
종근당,01-16-2018,146500
종근당,01-17-2018,142000
종근당,01-18-2018,141500
종근당,01-19-2018,142500
종근당,01-22-2018,144500
종근당,01-23-2018,147500
종근당,01-24-2018,147000
종근당,01-25-2018,153500
종근당,01-26-2018,151000
종근당,01-29-2018,151000
종근당,01-30-2018,151500
종근당,01-31-2018,146500
종근당,02-01-2018,145500
종근당,02-02-2018,145000
종근당,02-05-2018,137500
종근당,02-06-2018,131500
종근당,02-07-2018,130500
종근당,02-08-2018,131000
종근당,02-09-2018,132000
종근당,02-12-2018,135500
종근당,02-13-2018,134500
종근당,02-14-2018,134500
종근당,02-19-2018,135500
종근당,02-20-2018,135500
종근당,02-21-2018,134500
종근당,02-22-2018,130500
종근당,02-23-2018,135000
종근당,02-26-2018,134000
종근당,02-27-2018,136500
종근당,02-28-2018,129500
종근당,03-02-2018,127000
종근당,03-05-2018,128000
종근당,03-06-2018,129000
종근당,03-07-2018,124500
종근당,03-08-2018,128000
종근당,03-09-2018,129500
종근당,03-12-2018,130000
종근당,03-13-2018,128000
종근당,03-14-2018,128500
종근당,03-15-2018,129500
종근당,03-16-2018,127000
종근당,03-19-2018,125000
종근당,03-20-2018,127000
종근당,03-21-2018,128500
종근당,03-22-2018,127500
종근당,03-23-2018,121000
종근당,03-26-2018,124000
종근당,03-27-2018,126000
종근당,03-28-2018,126000
종근당,03-29-2018,127500
종근당,03-30-2018,127500
종근당,04-02-2018,129000
종근당,04-03-2018,127000
종근당,04-04-2018,128500
종근당,04-05-2018,127500
종근당,04-06-2018,128000
종근당,04-09-2018,132000
종근당,04-10-2018,138000
종근당,04-11-2018,136000
종근당,04-12-2018,131000
종근당,04-13-2018,131500
종근당,04-16-2018,133000
종근당,04-17-2018,133000
종근당,04-18-2018,129000
종근당,04-19-2018,125500
종근당,04-20-2018,125000
종근당,04-23-2018,119500
종근당,04-24-2018,117500
종근당,04-25-2018,118000
종근당,04-26-2018,118000
종근당,04-27-2018,120000
종근당,04-30-2018,117000
종근당,05-02-2018,116500
종근당,05-03-2018,114000
종근당,05-04-2018,113500
종근당,05-08-2018,112000
종근당,05-09-2018,113500
종근당,05-10-2018,111500
종근당,05-11-2018,111500
종근당,05-14-2018,112500
종근당,05-15-2018,111000
종근당,05-16-2018,111500
종근당,05-17-2018,112500
종근당,05-18-2018,112000
종근당,05-21-2018,112000
종근당,05-23-2018,110000
종근당,05-24-2018,110500
종근당,05-25-2018,110500
종근당,05-28-2018,109000
종근당,05-29-2018,109000
종근당,05-30-2018,103500
종근당,05-31-2018,105000
종근당,06-01-2018,108000
종근당,06-04-2018,108000
종근당,06-05-2018,105500
종근당,06-07-2018,105500
종근당,06-08-2018,106000
종근당,06-11-2018,105500
종근당,06-12-2018,107000
종근당,06-14-2018,103500
종근당,06-15-2018,103500
종근당,06-18-2018,101000
종근당,06-19-2018,98300
종근당,06-20-2018,99900
종근당,06-21-2018,98700
종근당,06-22-2018,99900
종근당,06-25-2018,101500
종근당,06-26-2018,102000
종근당,06-27-2018,103000
종근당,06-28-2018,100500
종근당,06-29-2018,100500
종근당,07-02-2018,98100
종근당,07-03-2018,98500
종근당,07-04-2018,103000
종근당,07-05-2018,99800
종근당,07-06-2018,101500
종근당,07-09-2018,101500
종근당,07-10-2018,102000
종근당,07-11-2018,100500
종근당,07-12-2018,103000
종근당,07-13-2018,102000
종근당,07-16-2018,101500
종근당,07-17-2018,102500
종근당,07-18-2018,99900
종근당,07-19-2018,98100
종근당,07-20-2018,98400
종근당,07-23-2018,97400
종근당,07-24-2018,96500
종근당,07-25-2018,95500
종근당,07-26-2018,97100
종근당,07-27-2018,96000
종근당,07-30-2018,97000
종근당,07-31-2018,104500
종근당,08-01-2018,104500
종근당,08-02-2018,104500
종근당,08-03-2018,105500
종근당,08-06-2018,105500
종근당,08-07-2018,105500
종근당,08-08-2018,105500
종근당,08-09-2018,106500
종근당,08-10-2018,106000
종근당,08-13-2018,105000
종근당,08-14-2018,106000
종근당,08-16-2018,103000
종근당,08-17-2018,107000
종근당,08-20-2018,105500
종근당,08-21-2018,108500
종근당,08-22-2018,105000
종근당,08-23-2018,104000
종근당,08-24-2018,104500
종근당,08-27-2018,106500
종근당,08-28-2018,106500
종근당,08-29-2018,107500
종근당,08-30-2018,106500
종근당,08-31-2018,108500
종근당,09-03-2018,109500
종근당,09-04-2018,112500
종근당,09-05-2018,110000
종근당,09-06-2018,108500
종근당,09-07-2018,112000
종근당,09-10-2018,110500
종근당,09-11-2018,114000
종근당,09-12-2018,115000
종근당,09-13-2018,113000
종근당,09-14-2018,113500
종근당,09-17-2018,112000
종근당,09-18-2018,113500
종근당,09-19-2018,113500
종근당,09-20-2018,115000
종근당,09-21-2018,115000
종근당,09-27-2018,116000
종근당,09-28-2018,118000
종근당,10-01-2018,114000
종근당,10-02-2018,110000
종근당,10-04-2018,111500
종근당,10-05-2018,108000
종근당,10-08-2018,106000
종근당,10-10-2018,101000
종근당,10-11-2018,96400
종근당,10-12-2018,97900
종근당,10-15-2018,94600
종근당,10-16-2018,96700
종근당,10-17-2018,97200
종근당,10-18-2018,96400
종근당,10-19-2018,97900
종근당,10-22-2018,97300
종근당,10-23-2018,93500
종근당,10-24-2018,95400
종근당,10-25-2018,93900
종근당,10-26-2018,90800
종근당,10-29-2018,88300
종근당,10-30-2018,89700
종근당,10-31-2018,86700
종근당,11-01-2018,86900
종근당,11-02-2018,90700
종근당,11-05-2018,92200
종근당,11-06-2018,95100
종근당,11-07-2018,93200
종근당,11-08-2018,96000
종근당,11-09-2018,93800
종근당,11-12-2018,91900
종근당,11-13-2018,94500
종근당,11-14-2018,96300
종근당,11-15-2018,97500
종근당,11-16-2018,99800
종근당,11-19-2018,103500
종근당,11-20-2018,102000
종근당,11-21-2018,103000
종근당,11-22-2018,102000
종근당,11-23-2018,100000
종근당,11-26-2018,102000
종근당,11-27-2018,101000
종근당,11-28-2018,99900
종근당,11-29-2018,101000
종근당,11-30-2018,102500
종근당,12-03-2018,103000
종근당,12-04-2018,106000
종근당,12-05-2018,110500
종근당,12-06-2018,111000
종근당,12-07-2018,109000
종근당,12-10-2018,109500
종근당,12-11-2018,107500
종근당,12-12-2018,109500
종근당,12-13-2018,110500
종근당,12-14-2018,108500
종근당,12-17-2018,108500
종근당,12-18-2018,106500
종근당,12-19-2018,107500
종근당,12-20-2018,105500
종근당,12-21-2018,107500
종근당,12-24-2018,109500
종근당,12-26-2018,107500
종근당,12-27-2018,103500
종근당,12-28-2018,102000
종근당,01-02-2019,100000
종근당,01-03-2019,98500
종근당,01-04-2019,99800
종근당,01-07-2019,101000
종근당,01-08-2019,102500
종근당,01-09-2019,102500
종근당,01-10-2019,104000
종근당,01-11-2019,105000
종근당,01-14-2019,106000
종근당,01-15-2019,106500
종근당,01-16-2019,107000
종근당,01-17-2019,107000
종근당,01-18-2019,107500
종근당,01-21-2019,106000
종근당,01-22-2019,105000
종근당,01-23-2019,108000
종근당,01-24-2019,106500
종근당,01-25-2019,106000
종근당,01-28-2019,105000
종근당,01-29-2019,106000
제일바이오,11-22-2017,4630
제일바이오,11-23-2017,4710
제일바이오,11-24-2017,4670
제일바이오,11-27-2017,4645
제일바이오,11-28-2017,4540
제일바이오,11-29-2017,4445
제일바이오,11-30-2017,4340
제일바이오,12-01-2017,4430
제일바이오,12-04-2017,4445
제일바이오,12-05-2017,4390
제일바이오,12-06-2017,4330
제일바이오,12-07-2017,4175
제일바이오,12-08-2017,4175
제일바이오,12-11-2017,4290
제일바이오,12-12-2017,4255
제일바이오,12-13-2017,4295
제일바이오,12-14-2017,4245
제일바이오,12-15-2017,4130
제일바이오,12-18-2017,3990
제일바이오,12-19-2017,3940
제일바이오,12-20-2017,4005
제일바이오,12-21-2017,3965
제일바이오,12-22-2017,4065
제일바이오,12-26-2017,4090
제일바이오,12-27-2017,4140
제일바이오,12-28-2017,4145
제일바이오,01-02-2018,4145
제일바이오,01-03-2018,4160
제일바이오,01-04-2018,4120
제일바이오,01-05-2018,4155
제일바이오,01-08-2018,4055
제일바이오,01-09-2018,4000
제일바이오,01-10-2018,4060
제일바이오,01-11-2018,4050
제일바이오,01-12-2018,4125
제일바이오,01-15-2018,4065
제일바이오,01-16-2018,4065
제일바이오,01-17-2018,4025
제일바이오,01-18-2018,4010
제일바이오,01-19-2018,4040
제일바이오,01-22-2018,4000
제일바이오,01-23-2018,4050
제일바이오,01-24-2018,4060
제일바이오,01-25-2018,4085
제일바이오,01-26-2018,4155
제일바이오,01-29-2018,4175
제일바이오,01-30-2018,4125
제일바이오,01-31-2018,4060
제일바이오,02-01-2018,4080
제일바이오,02-02-2018,4000
제일바이오,02-05-2018,3925
제일바이오,02-06-2018,3835
제일바이오,02-07-2018,3850
제일바이오,02-08-2018,3920
제일바이오,02-09-2018,3925
제일바이오,02-12-2018,3925
제일바이오,02-13-2018,3875
제일바이오,02-14-2018,3885
제일바이오,02-19-2018,3920
제일바이오,02-20-2018,3925
제일바이오,02-21-2018,3930
제일바이오,02-22-2018,3890
제일바이오,02-23-2018,3890
제일바이오,02-26-2018,3870
제일바이오,02-27-2018,3860
제일바이오,02-28-2018,3815
제일바이오,03-02-2018,3780
제일바이오,03-05-2018,3765
제일바이오,03-06-2018,3790
제일바이오,03-07-2018,3770
제일바이오,03-08-2018,3780
제일바이오,03-09-2018,3790
제일바이오,03-12-2018,3820
제일바이오,03-13-2018,3830
제일바이오,03-14-2018,3925
제일바이오,03-15-2018,3920
제일바이오,03-16-2018,3910
제일바이오,03-19-2018,3885
제일바이오,03-20-2018,3885
제일바이오,03-21-2018,3875
제일바이오,03-22-2018,3860
제일바이오,03-23-2018,3730
제일바이오,03-26-2018,3775
제일바이오,03-27-2018,4100
제일바이오,03-28-2018,4185
제일바이오,03-29-2018,4100
제일바이오,03-30-2018,4085
제일바이오,04-02-2018,3995
제일바이오,04-03-2018,4010
제일바이오,04-04-2018,3925
제일바이오,04-05-2018,4045
제일바이오,04-06-2018,4010
제일바이오,04-09-2018,4035
제일바이오,04-10-2018,4185
제일바이오,04-11-2018,4260
제일바이오,04-12-2018,4030
제일바이오,04-13-2018,4115
제일바이오,04-16-2018,4175
제일바이오,04-17-2018,4115
제일바이오,04-18-2018,4080
제일바이오,04-19-2018,3990
제일바이오,04-20-2018,4015
제일바이오,04-23-2018,3990
제일바이오,04-24-2018,4050
제일바이오,04-25-2018,3980
제일바이오,04-26-2018,4000
제일바이오,04-27-2018,3970
제일바이오,04-30-2018,3890
제일바이오,05-02-2018,4210
제일바이오,05-03-2018,4085
제일바이오,05-04-2018,4135
제일바이오,05-08-2018,4020
제일바이오,05-09-2018,4000
제일바이오,05-10-2018,4075
제일바이오,05-11-2018,4090
제일바이오,05-14-2018,4190
제일바이오,05-15-2018,4145
제일바이오,05-16-2018,4050
제일바이오,05-17-2018,4070
제일바이오,05-18-2018,4135
제일바이오,05-21-2018,4100
제일바이오,05-23-2018,4245
제일바이오,05-24-2018,4280
제일바이오,05-25-2018,4120
제일바이오,05-28-2018,4230
제일바이오,05-29-2018,4175
제일바이오,05-30-2018,4050
제일바이오,05-31-2018,4075
제일바이오,06-01-2018,4090
제일바이오,06-04-2018,4050
제일바이오,06-05-2018,4015
제일바이오,06-07-2018,4050
제일바이오,06-08-2018,4055
제일바이오,06-11-2018,4180
제일바이오,06-12-2018,4170
제일바이오,06-14-2018,4045
제일바이오,06-15-2018,4055
제일바이오,06-18-2018,3890
제일바이오,06-19-2018,3795
제일바이오,06-20-2018,3900
제일바이오,06-21-2018,3840
제일바이오,06-22-2018,3880
제일바이오,06-25-2018,3970
제일바이오,06-26-2018,3930
제일바이오,06-27-2018,3910
제일바이오,06-28-2018,3835
제일바이오,06-29-2018,3810
제일바이오,07-02-2018,3685
제일바이오,07-03-2018,3765
제일바이오,07-04-2018,3785
제일바이오,07-05-2018,3730
제일바이오,07-06-2018,3725
제일바이오,07-09-2018,3735
제일바이오,07-10-2018,3745
제일바이오,07-11-2018,3730
제일바이오,07-12-2018,3775
제일바이오,07-13-2018,3810
제일바이오,07-16-2018,3810
제일바이오,07-17-2018,3805
제일바이오,07-18-2018,3745
제일바이오,07-19-2018,3720
제일바이오,07-20-2018,3720
제일바이오,07-23-2018,3690
제일바이오,07-24-2018,3700
제일바이오,07-25-2018,3670
제일바이오,07-26-2018,3705
제일바이오,07-27-2018,3735
제일바이오,07-30-2018,3760
제일바이오,07-31-2018,3765
제일바이오,08-01-2018,3800
제일바이오,08-02-2018,3775
제일바이오,08-03-2018,3805
제일바이오,08-06-2018,3805
제일바이오,08-07-2018,3850
제일바이오,08-08-2018,3840
제일바이오,08-09-2018,3855
제일바이오,08-10-2018,3830
제일바이오,08-13-2018,3765
제일바이오,08-14-2018,3790
제일바이오,08-16-2018,3770
제일바이오,08-17-2018,3840
제일바이오,08-20-2018,3850
제일바이오,08-21-2018,3920
제일바이오,08-22-2018,4120
제일바이오,08-23-2018,3970
제일바이오,08-24-2018,4005
제일바이오,08-27-2018,4085
제일바이오,08-28-2018,4195
제일바이오,08-29-2018,4065
제일바이오,08-30-2018,4075
제일바이오,08-31-2018,4085
제일바이오,09-03-2018,4090
제일바이오,09-04-2018,4230
제일바이오,09-05-2018,4210
제일바이오,09-06-2018,4180
제일바이오,09-07-2018,4265
제일바이오,09-10-2018,4710
제일바이오,09-11-2018,4275
제일바이오,09-12-2018,4180
제일바이오,09-13-2018,4200
제일바이오,09-14-2018,4075
제일바이오,09-17-2018,4030
제일바이오,09-18-2018,4075
제일바이오,09-19-2018,4130
제일바이오,09-20-2018,4175
제일바이오,09-21-2018,4230
제일바이오,09-27-2018,4150
제일바이오,09-28-2018,4085
제일바이오,10-01-2018,4120
제일바이오,10-02-2018,4065
제일바이오,10-04-2018,4030
제일바이오,10-05-2018,4015
제일바이오,10-08-2018,4115
제일바이오,10-10-2018,3945
제일바이오,10-11-2018,3670
제일바이오,10-12-2018,3760
제일바이오,10-15-2018,3630
제일바이오,10-16-2018,3695
제일바이오,10-17-2018,3820
제일바이오,10-18-2018,4150
제일바이오,10-19-2018,4085
제일바이오,10-22-2018,4015
제일바이오,10-23-2018,3965
제일바이오,10-24-2018,3945
제일바이오,10-25-2018,3730
제일바이오,10-26-2018,3655
제일바이오,10-29-2018,3435
제일바이오,10-30-2018,3430
제일바이오,10-31-2018,3490
제일바이오,11-01-2018,3580
제일바이오,11-02-2018,3705
제일바이오,11-05-2018,3710
제일바이오,11-06-2018,3755
제일바이오,11-07-2018,3775
제일바이오,11-08-2018,3790
제일바이오,11-09-2018,3785
제일바이오,11-12-2018,3710
제일바이오,11-13-2018,3770
제일바이오,11-14-2018,3885
제일바이오,11-15-2018,3870
제일바이오,11-16-2018,3970
제일바이오,11-19-2018,3995
제일바이오,11-20-2018,3980
제일바이오,11-21-2018,4030
제일바이오,11-22-2018,3950
제일바이오,11-23-2018,3995
제일바이오,11-26-2018,4025
제일바이오,11-27-2018,4030
제일바이오,11-28-2018,4040
제일바이오,11-29-2018,4060
제일바이오,11-30-2018,4040
제일바이오,12-03-2018,4080
제일바이오,12-04-2018,4055
제일바이오,12-05-2018,4080
제일바이오,12-06-2018,4050
제일바이오,12-07-2018,4150
제일바이오,12-10-2018,4105
제일바이오,12-11-2018,3885
제일바이오,12-12-2018,3920
제일바이오,12-13-2018,4050
제일바이오,12-14-2018,4000
제일바이오,12-17-2018,3835
제일바이오,12-18-2018,3820
제일바이오,12-19-2018,3805
제일바이오,12-20-2018,3750
제일바이오,12-21-2018,3720
제일바이오,12-24-2018,3720
제일바이오,12-26-2018,3615
제일바이오,12-27-2018,3660
제일바이오,12-28-2018,3800
제일바이오,01-02-2019,3755
제일바이오,01-03-2019,3670
제일바이오,01-04-2019,3650
제일바이오,01-07-2019,3685
제일바이오,01-08-2019,3645
제일바이오,01-09-2019,3690
제일바이오,01-10-2019,3675
제일바이오,01-11-2019,3730
제일바이오,01-14-2019,3700
제일바이오,01-15-2019,3705
제일바이오,01-16-2019,3710
제일바이오,01-17-2019,3680
제일바이오,01-18-2019,3710
제일바이오,01-21-2019,3715
제일바이오,01-22-2019,3700
제일바이오,01-23-2019,3690
제일바이오,01-24-2019,3710
제일바이오,01-25-2019,3775
제일바이오,01-28-2019,3815
제일바이오,01-29-2019,4955
이글벳,11-22-2017,5980
이글벳,11-23-2017,5880
이글벳,11-24-2017,5730
이글벳,11-27-2017,5770
이글벳,11-28-2017,5670
이글벳,11-29-2017,5660
이글벳,11-30-2017,5570
이글벳,12-01-2017,5580
이글벳,12-04-2017,5630
이글벳,12-05-2017,5550
이글벳,12-06-2017,5440
이글벳,12-07-2017,5230
이글벳,12-08-2017,5130
이글벳,12-11-2017,5360
이글벳,12-12-2017,5250
이글벳,12-13-2017,5260
이글벳,12-14-2017,5120
이글벳,12-15-2017,5150
이글벳,12-18-2017,5090
이글벳,12-19-2017,4865
이글벳,12-20-2017,4950
이글벳,12-21-2017,4955
이글벳,12-22-2017,5060
이글벳,12-26-2017,5160
이글벳,12-27-2017,5080
이글벳,12-28-2017,5150
이글벳,01-02-2018,5250
이글벳,01-03-2018,5300
이글벳,01-04-2018,5330
이글벳,01-05-2018,5280
이글벳,01-08-2018,5270
이글벳,01-09-2018,5180
이글벳,01-10-2018,5200
이글벳,01-11-2018,5250
이글벳,01-12-2018,5290
이글벳,01-15-2018,5260
이글벳,01-16-2018,5280
이글벳,01-17-2018,5170
이글벳,01-18-2018,5190
이글벳,01-19-2018,5240
이글벳,01-22-2018,5250
이글벳,01-23-2018,5240
이글벳,01-24-2018,5260
이글벳,01-25-2018,5360
이글벳,01-26-2018,5400
이글벳,01-29-2018,5540
이글벳,01-30-2018,5540
이글벳,01-31-2018,5540
이글벳,02-01-2018,5460
이글벳,02-02-2018,5390
이글벳,02-05-2018,5400
이글벳,02-06-2018,5320
이글벳,02-07-2018,5150
이글벳,02-08-2018,5240
이글벳,02-09-2018,5340
이글벳,02-12-2018,5270
이글벳,02-13-2018,5160
이글벳,02-14-2018,5150
이글벳,02-19-2018,5190
이글벳,02-20-2018,5270
이글벳,02-21-2018,5280
이글벳,02-22-2018,5210
이글벳,02-23-2018,5240
이글벳,02-26-2018,5190
이글벳,02-27-2018,5130
이글벳,02-28-2018,5110
이글벳,03-02-2018,4980
이글벳,03-05-2018,4995
이글벳,03-06-2018,5000
이글벳,03-07-2018,4970
이글벳,03-08-2018,4985
이글벳,03-09-2018,5030
이글벳,03-12-2018,5030
이글벳,03-13-2018,5030
이글벳,03-14-2018,5090
이글벳,03-15-2018,5060
이글벳,03-16-2018,5170
이글벳,03-19-2018,5230
이글벳,03-20-2018,5270
이글벳,03-21-2018,5320
이글벳,03-22-2018,5340
이글벳,03-23-2018,5120
이글벳,03-26-2018,5220
이글벳,03-27-2018,5480
이글벳,03-28-2018,5270
이글벳,03-29-2018,5220
이글벳,03-30-2018,5240
이글벳,04-02-2018,5150
이글벳,04-03-2018,5160
이글벳,04-04-2018,5200
이글벳,04-05-2018,5310
이글벳,04-06-2018,5210
이글벳,04-09-2018,5260
이글벳,04-10-2018,5280
이글벳,04-11-2018,5420
이글벳,04-12-2018,5300
이글벳,04-13-2018,5330
이글벳,04-16-2018,5360
이글벳,04-17-2018,5350
이글벳,04-18-2018,5280
이글벳,04-19-2018,5200
이글벳,04-20-2018,5200
이글벳,04-23-2018,5110
이글벳,04-24-2018,5130
이글벳,04-25-2018,5130
이글벳,04-26-2018,5150
이글벳,04-27-2018,5130
이글벳,04-30-2018,5130
이글벳,05-02-2018,5360
이글벳,05-03-2018,5330
이글벳,05-04-2018,5380
이글벳,05-08-2018,5210
이글벳,05-09-2018,5250
이글벳,05-10-2018,5250
이글벳,05-11-2018,5370
이글벳,05-14-2018,5350
이글벳,05-15-2018,5460
이글벳,05-16-2018,5140
이글벳,05-17-2018,5150
이글벳,05-18-2018,5190
이글벳,05-21-2018,5220
이글벳,05-23-2018,5200
이글벳,05-24-2018,5200
이글벳,05-25-2018,5140
이글벳,05-28-2018,5260
이글벳,05-29-2018,5260
이글벳,05-30-2018,5140
이글벳,05-31-2018,5140
이글벳,06-01-2018,5130
이글벳,06-04-2018,5140
이글벳,06-05-2018,5150
이글벳,06-07-2018,5180
이글벳,06-08-2018,5180
이글벳,06-11-2018,5180
이글벳,06-12-2018,5130
이글벳,06-14-2018,5080
이글벳,06-15-2018,5090
이글벳,06-18-2018,4910
이글벳,06-19-2018,4790
이글벳,06-20-2018,4890
이글벳,06-21-2018,4900
이글벳,06-22-2018,4885
이글벳,06-25-2018,4885
이글벳,06-26-2018,4900
이글벳,06-27-2018,4845
이글벳,06-28-2018,4680
이글벳,06-29-2018,4780
이글벳,07-02-2018,4670
이글벳,07-03-2018,4690
이글벳,07-04-2018,4725
이글벳,07-05-2018,4730
이글벳,07-06-2018,4755
이글벳,07-09-2018,4780
이글벳,07-10-2018,4715
이글벳,07-11-2018,4665
이글벳,07-12-2018,4735
이글벳,07-13-2018,4750
이글벳,07-16-2018,4770
이글벳,07-17-2018,4720
이글벳,07-18-2018,4715
이글벳,07-19-2018,4635
이글벳,07-20-2018,4645
이글벳,07-23-2018,4520
이글벳,07-24-2018,4540
이글벳,07-25-2018,4430
이글벳,07-26-2018,4400
이글벳,07-27-2018,4405
이글벳,07-30-2018,4440
이글벳,07-31-2018,4420
이글벳,08-01-2018,4485
이글벳,08-02-2018,4445
이글벳,08-03-2018,4555
이글벳,08-06-2018,4540
이글벳,08-07-2018,4460
이글벳,08-08-2018,4480
이글벳,08-09-2018,4460
이글벳,08-10-2018,4455
이글벳,08-13-2018,4310
이글벳,08-14-2018,4300
이글벳,08-16-2018,4230
이글벳,08-17-2018,4370
이글벳,08-20-2018,4355
이글벳,08-21-2018,4345
이글벳,08-22-2018,4450
이글벳,08-23-2018,4430
이글벳,08-24-2018,4500
이글벳,08-27-2018,4630
이글벳,08-28-2018,4630
이글벳,08-29-2018,4550
이글벳,08-30-2018,4525
이글벳,08-31-2018,4570
이글벳,09-03-2018,4615
이글벳,09-04-2018,4650
이글벳,09-05-2018,4665
이글벳,09-06-2018,4680
이글벳,09-07-2018,4680
이글벳,09-10-2018,4820
이글벳,09-11-2018,4700
이글벳,09-12-2018,4610
이글벳,09-13-2018,4645
이글벳,09-14-2018,4630
이글벳,09-17-2018,4535
이글벳,09-18-2018,4540
이글벳,09-19-2018,4640
이글벳,09-20-2018,4645
이글벳,09-21-2018,4695
이글벳,09-27-2018,4660
이글벳,09-28-2018,4585
이글벳,10-01-2018,4595
이글벳,10-02-2018,4550
이글벳,10-04-2018,4450
이글벳,10-05-2018,4450
이글벳,10-08-2018,4530
이글벳,10-10-2018,4400
이글벳,10-11-2018,4185
이글벳,10-12-2018,4135
이글벳,10-15-2018,4110
이글벳,10-16-2018,4155
이글벳,10-17-2018,4215
이글벳,10-18-2018,4390
이글벳,10-19-2018,4370
이글벳,10-22-2018,4255
이글벳,10-23-2018,4155
이글벳,10-24-2018,4095
이글벳,10-25-2018,3900
이글벳,10-26-2018,3740
이글벳,10-29-2018,3555
이글벳,10-30-2018,3575
이글벳,10-31-2018,3680
이글벳,11-01-2018,3755
이글벳,11-02-2018,3875
이글벳,11-05-2018,3875
이글벳,11-06-2018,3900
이글벳,11-07-2018,3805
이글벳,11-08-2018,3865
이글벳,11-09-2018,3865
이글벳,11-12-2018,3860
이글벳,11-13-2018,3920
이글벳,11-14-2018,3900
이글벳,11-15-2018,3850
이글벳,11-16-2018,3920
이글벳,11-19-2018,3950
이글벳,11-20-2018,3975
이글벳,11-21-2018,4045
이글벳,11-22-2018,4010
이글벳,11-23-2018,3995
이글벳,11-26-2018,4000
이글벳,11-27-2018,4065
이글벳,11-28-2018,4085
이글벳,11-29-2018,4055
이글벳,11-30-2018,4030
이글벳,12-03-2018,4025
이글벳,12-04-2018,4000
이글벳,12-05-2018,4045
이글벳,12-06-2018,4025
이글벳,12-07-2018,4055
이글벳,12-10-2018,4010
이글벳,12-11-2018,3880
이글벳,12-12-2018,3895
이글벳,12-13-2018,3890
이글벳,12-14-2018,3900
이글벳,12-17-2018,3845
이글벳,12-18-2018,3775
이글벳,12-19-2018,3775
이글벳,12-20-2018,3750
이글벳,12-21-2018,3695
이글벳,12-24-2018,3700
이글벳,12-26-2018,3640
이글벳,12-27-2018,3650
이글벳,12-28-2018,3765
이글벳,01-02-2019,3710
이글벳,01-03-2019,3635
이글벳,01-04-2019,3675
이글벳,01-07-2019,3635
이글벳,01-08-2019,3620
이글벳,01-09-2019,3660
이글벳,01-10-2019,3670
이글벳,01-11-2019,3715
이글벳,01-14-2019,3730
이글벳,01-15-2019,3720
이글벳,01-16-2019,3720
이글벳,01-17-2019,3745
이글벳,01-18-2019,3735
이글벳,01-21-2019,3815
이글벳,01-22-2019,3780
이글벳,01-23-2019,3745
이글벳,01-24-2019,3770
이글벳,01-25-2019,3850
이글벳,01-28-2019,3870
이글벳,01-29-2019,4750
우진비앤지,11-22-2017,5440
우진비앤지,11-23-2017,5330
우진비앤지,11-24-2017,5360
우진비앤지,11-27-2017,5230
우진비앤지,11-28-2017,5070
우진비앤지,11-29-2017,5150
우진비앤지,11-30-2017,5100
우진비앤지,12-01-2017,5160
우진비앤지,12-04-2017,5370
우진비앤지,12-05-2017,5410
우진비앤지,12-06-2017,5170
우진비앤지,12-07-2017,5140
우진비앤지,12-08-2017,5070
우진비앤지,12-11-2017,5210
우진비앤지,12-12-2017,5500
우진비앤지,12-13-2017,5520
우진비앤지,12-14-2017,5510
우진비앤지,12-15-2017,5490
우진비앤지,12-18-2017,5320
우진비앤지,12-19-2017,5310
우진비앤지,12-20-2017,5280
우진비앤지,12-21-2017,5180
우진비앤지,12-22-2017,4840
우진비앤지,12-26-2017,4800
우진비앤지,12-27-2017,4940
우진비앤지,12-28-2017,4950
우진비앤지,01-02-2018,4900
우진비앤지,01-03-2018,4870
우진비앤지,01-04-2018,4795
우진비앤지,01-05-2018,4835
우진비앤지,01-08-2018,4815
우진비앤지,01-09-2018,4790
우진비앤지,01-10-2018,4795
우진비앤지,01-11-2018,4830
우진비앤지,01-12-2018,4765
우진비앤지,01-15-2018,4720
우진비앤지,01-16-2018,4750
우진비앤지,01-17-2018,4730
우진비앤지,01-18-2018,4780
우진비앤지,01-19-2018,4780
우진비앤지,01-22-2018,4790
우진비앤지,01-23-2018,4720
우진비앤지,01-24-2018,4730
우진비앤지,01-25-2018,4695
우진비앤지,01-26-2018,4765
우진비앤지,01-29-2018,4890
우진비앤지,01-30-2018,4990
우진비앤지,01-31-2018,5170
우진비앤지,02-01-2018,5270
우진비앤지,02-02-2018,5330
우진비앤지,02-05-2018,5120
우진비앤지,02-06-2018,4680
우진비앤지,02-07-2018,5010
우진비앤지,02-08-2018,4990
우진비앤지,02-09-2018,4840
우진비앤지,02-12-2018,4735
우진비앤지,02-13-2018,4535
우진비앤지,02-14-2018,4055
우진비앤지,02-19-2018,4075
우진비앤지,02-20-2018,4030
우진비앤지,02-21-2018,4040
우진비앤지,02-22-2018,4010
우진비앤지,02-23-2018,4015
우진비앤지,02-26-2018,4035
우진비앤지,02-27-2018,3955
우진비앤지,02-28-2018,3900
우진비앤지,03-02-2018,3960
우진비앤지,03-05-2018,4175
우진비앤지,03-06-2018,4250
우진비앤지,03-07-2018,4020
우진비앤지,03-08-2018,4100
우진비앤지,03-09-2018,4150
우진비앤지,03-12-2018,4135
우진비앤지,03-13-2018,4015
우진비앤지,03-14-2018,4020
우진비앤지,03-15-2018,4045
우진비앤지,03-16-2018,4015
우진비앤지,03-19-2018,4010
우진비앤지,03-20-2018,3990
우진비앤지,03-21-2018,3975
우진비앤지,03-22-2018,3920
우진비앤지,03-23-2018,3750
우진비앤지,03-26-2018,3785
우진비앤지,03-27-2018,4015
우진비앤지,03-28-2018,3950
우진비앤지,03-29-2018,4030
우진비앤지,03-30-2018,3995
우진비앤지,04-02-2018,4010
우진비앤지,04-03-2018,4030
우진비앤지,04-04-2018,3905
우진비앤지,04-05-2018,4085
우진비앤지,04-06-2018,4020
우진비앤지,04-09-2018,3945
우진비앤지,04-10-2018,3940
우진비앤지,04-11-2018,4010
우진비앤지,04-12-2018,4000
우진비앤지,04-13-2018,3965
우진비앤지,04-16-2018,4600
우진비앤지,04-17-2018,5980
우진비앤지,04-18-2018,7080
우진비앤지,04-19-2018,6320
우진비앤지,04-20-2018,6050
우진비앤지,04-23-2018,5910
우진비앤지,04-24-2018,5660
우진비앤지,04-25-2018,5430
우진비앤지,04-26-2018,5540
우진비앤지,04-27-2018,5540
우진비앤지,04-30-2018,5200
우진비앤지,05-02-2018,5630
우진비앤지,05-03-2018,5810
우진비앤지,05-04-2018,5800
우진비앤지,05-08-2018,5380
우진비앤지,05-09-2018,5320
우진비앤지,05-10-2018,5320
우진비앤지,05-11-2018,5370
우진비앤지,05-14-2018,5440
우진비앤지,05-15-2018,5250
우진비앤지,05-16-2018,5070
우진비앤지,05-17-2018,4935
우진비앤지,05-18-2018,5130
우진비앤지,05-21-2018,5120
우진비앤지,05-23-2018,5150
우진비앤지,05-24-2018,4825
우진비앤지,05-25-2018,4645
우진비앤지,05-28-2018,4830
우진비앤지,05-29-2018,4715
우진비앤지,05-30-2018,4430
우진비앤지,05-31-2018,4450
우진비앤지,06-01-2018,4485
우진비앤지,06-04-2018,4585
우진비앤지,06-05-2018,4605
우진비앤지,06-07-2018,4680
우진비앤지,06-08-2018,4820
우진비앤지,06-11-2018,5450
우진비앤지,06-12-2018,5220
우진비앤지,06-14-2018,5020
우진비앤지,06-15-2018,5250
우진비앤지,06-18-2018,5070
우진비앤지,06-19-2018,4670
우진비앤지,06-20-2018,4785
우진비앤지,06-21-2018,4835
우진비앤지,06-22-2018,4630
우진비앤지,06-25-2018,4900
우진비앤지,06-26-2018,4900
우진비앤지,06-27-2018,4720
우진비앤지,06-28-2018,4380
우진비앤지,06-29-2018,4335
우진비앤지,07-02-2018,4160
우진비앤지,07-03-2018,4170
우진비앤지,07-04-2018,4280
우진비앤지,07-05-2018,4185
우진비앤지,07-06-2018,4155
우진비앤지,07-09-2018,4160
우진비앤지,07-10-2018,4245
우진비앤지,07-11-2018,4190
우진비앤지,07-12-2018,4275
우진비앤지,07-13-2018,4320
우진비앤지,07-16-2018,4250
우진비앤지,07-17-2018,4200
우진비앤지,07-18-2018,4115
우진비앤지,07-19-2018,3995
우진비앤지,07-20-2018,3965
우진비앤지,07-23-2018,3720
우진비앤지,07-24-2018,3870
우진비앤지,07-25-2018,3870
우진비앤지,07-26-2018,3990
우진비앤지,07-27-2018,4025
우진비앤지,07-30-2018,4110
우진비앤지,07-31-2018,4080
우진비앤지,08-01-2018,4185
우진비앤지,08-02-2018,4170
우진비앤지,08-03-2018,4125
우진비앤지,08-06-2018,4180
우진비앤지,08-07-2018,4215
우진비앤지,08-08-2018,4110
우진비앤지,08-09-2018,4115
우진비앤지,08-10-2018,4130
우진비앤지,08-13-2018,3980
우진비앤지,08-14-2018,4020
우진비앤지,08-16-2018,4020
우진비앤지,08-17-2018,4250
우진비앤지,08-20-2018,4195
우진비앤지,08-21-2018,4170
우진비앤지,08-22-2018,4480
우진비앤지,08-23-2018,4350
우진비앤지,08-24-2018,4645
우진비앤지,08-27-2018,4710
우진비앤지,08-28-2018,4655
우진비앤지,08-29-2018,4450
우진비앤지,08-30-2018,4415
우진비앤지,08-31-2018,4460
우진비앤지,09-03-2018,4365
우진비앤지,09-04-2018,4650
우진비앤지,09-05-2018,4630
우진비앤지,09-06-2018,4550
우진비앤지,09-07-2018,4605
우진비앤지,09-10-2018,4730
우진비앤지,09-11-2018,4400
우진비앤지,09-12-2018,4500
우진비앤지,09-13-2018,4455
우진비앤지,09-14-2018,4350
우진비앤지,09-17-2018,4185
우진비앤지,09-18-2018,4065
우진비앤지,09-19-2018,4150
우진비앤지,09-20-2018,4150
우진비앤지,09-21-2018,4175
우진비앤지,09-27-2018,4095
우진비앤지,09-28-2018,4095
우진비앤지,10-01-2018,4075
우진비앤지,10-02-2018,3990
우진비앤지,10-04-2018,3855
우진비앤지,10-05-2018,3780
우진비앤지,10-08-2018,3785
우진비앤지,10-10-2018,3545
우진비앤지,10-11-2018,3170
우진비앤지,10-12-2018,3170
우진비앤지,10-15-2018,3090
우진비앤지,10-16-2018,3255
우진비앤지,10-17-2018,3320
우진비앤지,10-18-2018,3270
우진비앤지,10-19-2018,3210
우진비앤지,10-22-2018,3135
우진비앤지,10-23-2018,3085
우진비앤지,10-24-2018,2990
우진비앤지,10-25-2018,2795
우진비앤지,10-26-2018,2590
우진비앤지,10-29-2018,2285
우진비앤지,10-30-2018,2310
우진비앤지,10-31-2018,2580
우진비앤지,11-01-2018,2600
우진비앤지,11-02-2018,2750
우진비앤지,11-05-2018,2795
우진비앤지,11-06-2018,2890
우진비앤지,11-07-2018,2760
우진비앤지,11-08-2018,2795
우진비앤지,11-09-2018,2760
우진비앤지,11-12-2018,2690
우진비앤지,11-13-2018,2660
우진비앤지,11-14-2018,2780
우진비앤지,11-15-2018,2725
우진비앤지,11-16-2018,2790
우진비앤지,11-19-2018,2940
우진비앤지,11-20-2018,2935
우진비앤지,11-21-2018,3310
우진비앤지,11-22-2018,3075
우진비앤지,11-23-2018,2510
우진비앤지,11-26-2018,2355
우진비앤지,11-27-2018,2360
우진비앤지,11-28-2018,2285
우진비앤지,11-29-2018,2265
우진비앤지,11-30-2018,2265
우진비앤지,12-03-2018,2320
우진비앤지,12-04-2018,2275
우진비앤지,12-05-2018,2280
우진비앤지,12-06-2018,2210
우진비앤지,12-07-2018,2200
우진비앤지,12-10-2018,2165
우진비앤지,12-11-2018,2150
우진비앤지,12-12-2018,2160
우진비앤지,12-13-2018,2205
우진비앤지,12-14-2018,2110
우진비앤지,12-17-2018,2115
우진비앤지,12-18-2018,2115
우진비앤지,12-19-2018,2140
우진비앤지,12-20-2018,2280
우진비앤지,12-21-2018,2210
우진비앤지,12-24-2018,2050
우진비앤지,12-26-2018,2055
우진비앤지,12-27-2018,2095
우진비앤지,12-28-2018,2135
우진비앤지,01-02-2019,2095
우진비앤지,01-03-2019,1820
우진비앤지,01-04-2019,1850
우진비앤지,01-07-2019,1865
우진비앤지,01-08-2019,1945
우진비앤지,01-09-2019,1995
우진비앤지,01-10-2019,2000
우진비앤지,01-11-2019,2130
우진비앤지,01-14-2019,2260
우진비앤지,01-15-2019,2340
우진비앤지,01-16-2019,2300
우진비앤지,01-17-2019,2185
우진비앤지,01-18-2019,2200
우진비앤지,01-21-2019,2180
우진비앤지,01-22-2019,2050
우진비앤지,01-23-2019,2090
우진비앤지,01-24-2019,2130
우진비앤지,01-25-2019,2115
우진비앤지,01-28-2019,2180
우진비앤지,01-29-2019,2460